,gender,current_city,open_to_other_branch,work_ex,dist_from_uni,rent_budget,alcohol,smoking,food_pref,cul_skills,looking_for_roommate,MS Biotechnology,MS Civil Engineering,MS Computer Science,MS Computer Systems Engineering,MS Data Science,MS Electrical and Computer Engineering,MS Energy Systems,MS Engineering Management,MS Industrial Engineering,MS Information Assurance and Cyber Security,MS Information Systems,MS Mechanical Engineering,MS Project Management,Others,hall_yes_no,max_ppr,bhk_1,bhk_2,bhk_3,bhk_4,studio
0,0,0,0,3.5,3.0,550,1,1,0,0,0,0,0,1,0,0,0,0,0,0,0,0,0,0,0,0,3.0,1,1,0,0,0
1,0,1,0,3.5,3.0,550,0,0,0,1,0,0,0,1,0,0,0,0,0,0,0,0,0,0,0,0,3.0,1,1,1,1,0
2,1,1,0,1.8,3.0,550,0,1,0,0,0,0,0,1,0,0,0,0,0,0,0,0,0,0,0,0,2.0,1,1,1,0,0
3,0,2,0,3.5,5.0,500,0,0,0,0,0,0,0,1,0,0,0,0,0,0,0,0,0,0,0,1,3.0,1,1,1,1,0
4,0,3,0,2.0,10.0,700,0,1,1,0,0,0,0,1,0,0,0,0,0,0,0,0,0,0,0,0,3.0,1,1,1,0,1
5,1,4,0,2.8,3.0,550,0,0,0,0,0,0,0,1,0,0,0,0,0,0,0,0,0,0,0,0,1.0,1,1,0,0,0
6,0,1,0,3.0,10.0,400,0,0,0,2,0,0,0,0,0,0,0,0,1,0,0,0,0,0,0,0,2.0,1,1,0,0,1
7,1,0,0,3.5,5.0,1000,0,1,1,0,0,0,0,1,0,0,0,0,0,0,0,0,0,0,0,0,1.0,1,1,1,1,1
8,0,3,0,0.6,3.0,500,0,0,0,0,0,0,0,0,0,0,0,0,1,0,0,0,0,0,0,1,4.0,0,1,0,0,0
9,0,4,0,2.5,3.0,500,0,0,0,0,1,0,0,0,0,0,0,0,1,0,0,0,0,0,0,0,4.0,0,1,1,1,0
10,0,0,0,2.5,1.0,550,0,1,1,0,0,0,0,0,0,0,0,0,0,0,0,0,0,0,1,0,2.0,0,1,0,0,0
11,0,5,0,0.8,10.0,500,0,1,0,0,0,0,0,1,0,0,0,0,0,0,0,0,0,0,0,0,3.0,0,1,1,0,0
12,0,1,0,0.0,3.0,550,0,0,0,0,0,0,1,0,0,0,0,0,0,0,0,0,0,0,0,0,1.0,0,1,0,0,0
13,0,6,0,0.0,5.0,700,0,0,0,0,0,0,0,0,0,0,0,0,1,0,0,0,0,0,0,0,3.0,1,1,1,1,0
14,1,7,0,5.0,1.0,500,0,0,2,0,1,0,0,1,0,0,0,0,0,0,0,0,0,0,0,0,2.0,0,0,0,0,1
15,1,4,0,0.0,3.0,550,0,1,0,0,0,0,0,1,0,0,0,0,0,0,0,0,0,0,0,0,2.0,1,0,0,0,1
16,0,3,0,3.5,5.0,500,0,0,0,0,1,0,0,1,0,0,0,0,0,0,0,0,0,0,0,0,4.0,1,1,1,1,0
17,0,8,0,1.0,3.0,700,0,1,0,0,1,0,0,0,0,0,1,0,0,0,0,0,0,0,0,0,1.0,1,1,1,1,1
18,0,6,0,0.0,5.0,700,0,1,0,0,0,0,0,1,0,0,0,0,0,0,0,0,0,0,0,1,4.0,1,1,1,1,1
19,0,9,0,0.3,3.0,550,1,1,0,0,1,0,0,0,0,0,0,1,0,0,0,0,0,0,0,0,4.0,0,1,0,0,0
20,0,1,0,0.0,3.0,450,0,1,1,0,0,0,0,0,0,0,0,0,1,0,0,0,0,0,0,0,2.0,0,1,1,0,0
21,0,10,0,1.8,5.0,700,0,0,0,0,1,0,0,1,0,0,0,0,0,0,0,0,0,0,0,0,2.0,1,1,1,1,0
22,0,0,0,0.0,5.0,500,0,1,0,0,1,0,0,0,0,0,0,0,0,0,0,1,0,0,0,0,2.0,1,0,0,0,1
23,0,1,0,2.0,5.0,500,0,0,0,1,1,0,0,1,0,0,0,0,0,0,0,0,0,0,0,0,4.0,0,1,1,0,1
24,0,0,0,0.4,3.0,500,2,0,0,0,0,0,0,0,0,0,0,0,1,0,0,0,0,0,0,1,4.0,1,1,1,1,1
25,0,4,0,2.2,5.0,550,2,0,0,0,0,0,0,1,0,0,0,0,0,0,0,0,0,0,0,0,2.0,1,1,1,0,0
26,0,4,0,0.0,5.0,550,0,1,0,0,0,0,0,1,0,0,0,0,0,0,0,0,0,0,0,1,4.0,1,1,1,1,0
27,0,0,0,0.3,5.0,500,0,0,0,1,1,0,0,0,0,0,0,0,1,0,0,0,0,0,0,0,2.0,1,1,1,1,0
28,0,4,0,0.0,5.0,700,2,0,0,0,1,0,0,0,0,0,0,0,0,0,1,0,0,0,0,0,3.0,1,1,1,1,1
29,0,11,1,0.0,5.0,550,1,1,0,0,0,0,0,1,0,0,0,0,0,0,0,0,0,0,0,0,4.0,1,1,1,1,1
30,0,3,0,3.0,3.0,450,0,1,0,0,0,0,0,0,0,0,1,0,0,0,0,0,0,0,0,0,4.0,0,1,1,0,0
31,0,1,1,3.5,5.0,500,0,1,0,0,0,0,0,1,0,0,0,0,0,0,0,0,0,0,0,0,3.0,1,1,0,0,0
32,0,6,0,1.0,5.0,700,0,1,0,0,0,0,0,1,0,0,0,0,0,0,0,0,0,0,0,0,3.0,1,1,0,0,0
33,0,3,0,0.0,5.0,1000,0,1,1,2,1,0,0,0,0,0,1,0,0,0,0,0,0,0,0,0,1.0,0,0,1,0,0
34,1,12,0,1.0,3.0,450,0,0,0,0,1,0,0,0,0,0,1,0,0,0,0,0,0,0,0,0,3.0,0,1,0,0,0
35,0,0,0,1.8,10.0,700,0,1,1,0,0,0,0,1,0,0,0,0,0,0,0,0,0,0,0,0,2.0,1,1,1,1,1
36,0,5,0,0.0,10.0,700,0,0,0,0,0,0,1,0,0,0,0,0,0,0,0,0,0,0,0,0,4.0,1,1,1,1,1
37,1,0,1,0.75,1.0,550,0,1,1,0,0,0,0,1,0,0,0,0,0,0,0,0,0,0,0,0,1.0,0,1,1,1,0
38,0,1,0,2.0,3.0,500,0,0,0,0,0,0,0,0,0,0,0,0,0,0,0,1,0,0,0,0,3.0,1,1,1,1,1
39,0,9,0,2.2,10.0,500,1,1,1,0,0,0,0,1,0,0,0,0,0,0,0,0,0,0,0,1,3.0,1,1,0,0,0
40,0,13,0,3.0,10.0,500,0,0,0,0,0,0,0,1,0,0,0,0,0,0,0,0,0,0,0,1,4.0,1,1,0,0,0
41,0,14,0,1.0,5.0,700,0,0,0,0,1,0,0,0,0,0,0,0,0,0,0,0,0,0,1,0,2.0,0,1,1,1,0
42,0,15,0,0.0,3.0,700,0,0,0,0,0,0,0,0,0,1,0,0,0,0,0,0,0,0,0,0,4.0,1,1,1,1,0
43,0,4,0,0.0,1.0,700,0,0,0,0,0,0,0,0,0,0,0,0,1,0,0,0,0,0,0,0,2.0,1,1,0,0,1
44,0,0,0,0.0,3.0,450,0,0,0,0,0,0,0,0,0,0,0,0,0,0,0,1,0,0,0,0,4.0,1,0,0,0,0
45,0,4,0,0.0,3.0,550,0,0,0,1,0,0,0,0,0,0,0,0,0,0,1,0,0,0,0,0,4.0,0,1,1,0,0
46,0,0,0,0.0,3.0,500,0,0,0,0,0,0,0,0,0,0,0,0,0,0,0,0,1,0,0,0,2.0,1,1,1,1,0
47,0,12,1,1.0,1.0,700,1,1,0,0,0,0,0,0,0,0,0,0,0,0,0,0,0,0,1,0,4.0,1,1,1,1,1
48,0,5,0,3.6,5.0,400,0,0,0,2,0,0,0,0,0,0,0,0,0,0,0,1,0,0,0,0,3.0,1,1,1,1,1
49,0,0,0,2.7,5.0,500,0,0,0,0,0,0,0,0,0,0,0,0,0,0,0,1,0,0,0,0,4.0,1,1,1,0,0
50,0,1,0,2.6,5.0,450,0,0,0,0,0,0,0,0,0,0,0,0,0,0,0,1,0,0,0,0,2.0,1,1,1,0,0
51,0,1,0,2.6,5.0,450,0,0,0,0,0,0,0,0,0,0,0,0,0,0,0,1,0,0,0,0,2.0,1,1,1,0,0
52,0,1,0,2.6,5.0,450,0,0,0,0,0,0,0,0,0,0,0,0,0,0,0,1,0,0,0,0,2.0,1,1,1,0,0
53,0,5,0,2.8,3.0,550,0,0,0,0,0,0,0,1,0,0,0,0,0,0,0,0,0,0,0,1,3.0,0,1,1,1,0
54,1,16,0,1.5,5.0,450,0,1,1,0,0,0,0,1,0,0,0,0,0,0,0,0,0,0,0,0,2.0,1,1,0,0,0
55,0,0,0,0.0,3.0,1000,0,0,0,2,0,0,0,0,0,0,0,0,1,0,0,0,0,0,0,0,2.0,0,1,1,0,0
56,0,1,0,2.5,1.0,500,1,1,1,0,0,0,0,0,0,0,0,0,0,0,0,1,0,0,0,0,4.0,1,1,1,1,1
57,0,17,0,0.0,1.0,500,0,1,0,0,0,0,0,1,0,0,0,0,0,0,0,0,0,0,0,1,3.0,0,1,0,0,0
58,0,3,0,1.5,3.0,450,0,0,0,0,0,0,0,0,0,0,0,0,0,0,0,0,0,0,1,0,2.0,0,1,0,0,0
59,0,3,0,1.5,3.0,400,1,1,1,0,0,0,0,0,0,0,0,0,0,0,0,0,0,0,1,0,3.0,1,1,0,0,0
60,0,3,0,2.0,5.0,550,0,1,1,0,0,0,0,1,0,0,0,0,0,0,0,0,0,0,0,1,4.0,1,1,1,0,0
61,0,1,0,1.7,5.0,550,0,1,0,0,0,0,0,1,0,0,0,0,0,0,0,0,0,0,0,1,4.0,1,1,1,1,0
62,0,4,0,2.0,3.0,550,0,1,0,0,0,0,0,0,0,0,0,0,0,0,0,0,1,0,0,1,4.0,1,1,1,0,1
63,0,4,0,0.0,3.0,500,0,0,0,0,0,0,0,1,0,0,0,0,0,0,0,0,0,0,0,0,1.0,1,1,1,0,0
64,0,1,0,0.9,3.0,500,0,0,0,2,1,0,0,1,0,0,0,0,0,0,0,0,0,0,0,0,3.0,0,1,1,1,0
65,0,0,0,2.0,3.0,700,0,1,1,0,0,0,0,1,0,0,0,0,0,0,0,0,0,0,0,0,4.0,0,1,0,0,0
66,1,1,0,2.0,5.0,550,0,1,0,0,0,0,0,0,0,0,0,0,0,0,0,1,0,0,0,0,2.0,0,1,1,0,0
67,1,4,0,0.5,1.0,700,1,1,1,0,0,0,0,0,0,0,0,0,0,0,0,1,0,0,0,0,4.0,1,1,1,1,1
68,0,18,0,1.0,5.0,500,0,1,0,0,0,0,0,0,0,0,0,0,1,0,0,0,0,0,0,0,2.0,0,1,0,0,0
69,0,1,1,1.5,3.0,500,1,1,0,0,0,0,0,0,0,0,0,0,0,0,0,1,0,0,0,0,4.0,1,1,0,0,0
70,1,1,0,1.5,3.0,450,0,1,1,0,0,0,0,0,0,0,0,0,0,0,1,0,0,0,0,0,2.0,0,1,1,1,0
71,1,0,0,0.0,3.0,500,0,1,1,0,0,0,0,0,0,0,0,0,0,0,0,1,0,0,0,0,4.0,1,1,0,0,0
72,0,19,0,2.4,3.0,450,0,0,1,0,0,0,0,0,0,0,0,0,0,0,1,0,0,0,0,0,2.0,0,1,1,0,0
73,0,1,0,3.5,10.0,400,0,0,0,0,0,0,0,0,0,0,0,0,0,0,0,1,0,0,0,0,3.0,1,1,1,1,1
74,0,0,0,3.0,5.0,550,0,0,0,0,0,0,0,0,0,0,0,0,1,0,0,0,0,0,0,0,2.0,1,1,1,1,1
75,0,0,0,0.0,5.0,550,2,2,0,0,0,0,0,0,0,0,0,0,1,0,0,0,0,0,0,0,1.0,0,0,1,1,0
76,0,9,0,0.0,5.0,550,0,0,0,0,0,0,0,0,0,0,0,0,1,0,0,0,0,0,0,0,2.0,1,1,0,0,0
77,0,1,0,0.0,1.0,700,2,0,0,0,1,0,0,0,0,0,0,0,0,0,0,1,0,0,0,0,1.0,1,1,1,1,0
78,0,0,1,1.0,3.0,500,0,0,0,0,0,0,0,0,0,0,0,0,0,0,0,1,0,0,0,0,1.0,0,1,0,0,0
79,0,3,0,5.0,3.0,450,0,0,0,0,0,0,0,0,0,0,0,0,0,0,0,0,1,0,0,0,3.0,1,1,0,0,1
80,0,20,0,2.8,5.0,700,0,0,0,0,0,0,0,0,0,0,0,0,1,0,0,0,0,0,0,0,2.0,1,1,1,0,1
81,0,1,0,2.0,10.0,550,0,1,1,0,0,0,0,1,0,0,0,0,0,0,0,0,0,0,0,1,4.0,0,1,1,1,0
82,1,21,0,1.7,1.0,450,0,0,1,1,0,0,0,1,0,0,0,0,0,0,0,0,0,0,0,0,2.0,1,1,1,1,1
83,1,0,0,5.0,1.0,400,0,1,0,1,1,0,0,0,0,0,0,0,1,0,0,0,0,0,0,0,4.0,1,0,0,0,0
84,1,0,0,0.0,10.0,500,0,0,0,0,0,0,0,0,0,0,0,0,0,0,0,1,0,0,0,0,1.0,0,1,1,1,1
85,1,0,0,0.0,1.0,500,0,0,0,0,0,0,0,0,0,0,0,0,0,0,0,0,0,0,1,0,2.0,0,1,1,1,0
86,1,0,0,0.0,3.0,500,0,0,0,0,0,0,0,0,0,0,0,0,0,0,0,0,0,0,1,0,1.0,0,1,0,0,0
87,0,22,0,6.5,5.0,450,0,0,0,0,0,0,0,1,0,0,0,0,0,0,0,0,0,0,0,1,2.0,1,1,0,0,1
88,1,1,0,2.5,1.0,1000,0,0,0,0,0,0,0,0,0,0,0,0,0,0,0,1,0,0,0,0,3.0,1,1,0,0,0
89,1,1,0,0.0,10.0,700,0,0,0,0,0,0,0,0,0,0,0,0,1,0,0,0,0,0,0,0,2.0,0,1,1,1,0
90,0,19,0,2.5,10.0,500,2,0,0,0,1,0,0,1,0,0,0,0,0,0,0,0,0,0,0,0,4.0,1,1,1,1,1
91,0,4,0,2.0,10.0,550,0,0,0,0,0,0,0,1,0,0,0,0,0,0,0,0,0,0,0,0,4.0,0,1,1,1,0
92,0,1,0,2.0,1.0,450,0,0,0,0,0,0,0,0,1,0,0,0,0,0,0,0,0,0,0,1,4.0,1,1,1,1,1
93,0,0,0,1.5,10.0,500,0,0,0,0,1,0,0,0,0,0,0,0,1,0,0,0,0,0,0,0,2.0,0,1,0,0,0
94,0,5,0,1.0,3.0,700,0,1,0,0,0,0,0,1,0,0,0,0,0,0,0,0,0,0,0,1,2.0,1,1,0,0,1
95,1,4,1,1.5,5.0,550,0,1,1,1,1,0,0,1,0,0,0,0,0,0,0,0,0,0,0,0,4.0,1,1,1,1,1
96,0,16,1,1.0,3.0,500,0,1,0,0,0,0,0,0,0,0,0,0,1,0,0,0,0,0,0,0,2.0,1,1,0,0,1
97,1,16,1,2.0,5.0,550,0,0,0,0,1,0,0,1,0,0,0,0,0,0,0,0,0,0,0,0,2.0,1,1,0,0,0
98,1,23,0,0.0,1.0,500,0,1,0,1,0,0,0,0,1,0,0,0,0,0,0,0,0,0,0,0,4.0,1,1,1,1,1
99,0,0,0,1.3600526315789474,4.046783625730995,500,0,0,0,0,0,0,0,0,0,0,0,0,0,0,0,0,0,0,0,0,2.797270955165692,1,1,1,1,1
100,0,5,0,0.0,1.0,500,0,0,0,0,0,0,0,0,0,0,0,0,0,0,0,0,0,0,1,0,4.0,0,1,0,0,0
101,0,3,0,2.0,5.0,500,1,1,1,0,0,0,0,1,0,0,0,0,0,0,0,0,0,0,0,0,3.0,1,1,0,0,0
102,0,0,0,0.0,3.0,550,0,0,1,0,0,0,0,0,0,0,0,0,0,0,0,0,1,0,0,0,4.0,1,1,1,1,1
103,0,5,0,0.0,5.0,400,0,1,0,0,0,0,0,0,0,0,0,0,0,0,0,1,0,0,0,0,4.0,0,1,0,0,0
104,0,1,0,1.8,3.0,500,0,1,1,0,0,0,0,1,0,0,0,0,0,0,0,0,0,0,0,1,3.0,0,1,0,0,0
105,0,24,0,2.5,3.0,450,0,1,1,0,0,0,0,1,0,0,0,0,0,0,0,0,0,0,0,1,4.0,0,1,1,0,0
106,0,3,0,1.5,3.0,400,1,1,1,0,0,0,0,0,0,0,0,0,0,0,0,0,0,0,1,0,3.0,1,1,0,0,1
107,1,1,0,2.0,5.0,550,1,1,1,0,0,0,0,0,0,1,0,0,0,0,0,0,0,0,0,0,4.0,1,1,1,0,0
108,0,25,1,0.0,1.0,700,0,1,0,0,0,0,0,1,0,0,0,0,0,0,0,0,0,0,0,0,4.0,1,1,1,1,1
109,0,26,0,1.5,5.0,450,0,1,0,0,1,0,0,0,0,0,0,0,0,0,0,1,0,0,0,1,3.0,0,1,1,0,1
110,0,1,0,3.0,3.0,700,0,0,0,0,0,0,0,0,0,0,0,0,0,0,0,1,0,0,0,0,3.0,1,1,1,1,1
111,0,27,1,2.0,3.0,550,0,1,0,0,0,0,0,1,0,0,0,0,0,0,0,0,0,0,0,0,3.0,1,1,1,1,1
112,0,28,0,0.0,3.0,500,0,0,0,0,0,0,0,0,0,0,0,0,0,1,0,0,0,0,0,0,3.0,0,1,1,0,0
113,0,29,0,0.0,3.0,500,0,1,2,0,0,0,0,0,0,0,0,1,0,0,0,0,0,0,0,0,4.0,0,0,1,1,0
114,0,0,0,1.0,5.0,700,0,0,0,0,0,0,0,1,0,0,0,0,0,0,0,0,0,0,0,0,2.0,1,1,1,1,0
115,1,30,0,0.0,3.0,500,1,1,1,0,0,0,0,0,0,0,0,0,0,0,0,0,0,0,1,0,4.0,1,1,0,0,0
116,0,31,0,0.0,10.0,450,0,0,0,0,0,0,0,0,0,0,0,0,0,0,0,0,0,0,1,1,4.0,1,1,1,1,0
117,0,0,0,2.0,3.0,500,0,1,0,0,0,0,0,0,0,0,0,0,0,0,0,0,0,0,1,1,4.0,1,1,1,1,0
118,0,4,0,0.7,5.0,450,1,1,0,0,0,0,0,0,0,1,0,0,0,0,0,0,0,0,0,0,3.0,1,1,1,1,0
119,0,32,0,1.0,5.0,500,0,0,0,0,0,0,0,1,0,0,0,0,0,0,0,0,0,0,0,0,2.0,0,1,1,0,0
120,0,32,0,0.5,3.0,550,0,1,1,0,0,0,0,0,0,0,0,0,0,1,0,0,0,0,0,0,4.0,1,1,0,0,1
121,0,0,0,0.0,5.0,550,0,1,0,1,0,0,0,1,0,0,0,0,0,0,0,0,0,0,0,0,2.0,1,1,1,0,0
122,1,33,0,0.0,1.0,400,0,0,0,0,1,0,0,0,0,0,0,0,1,0,0,0,0,0,0,1,4.0,1,1,1,0,1
123,1,34,0,0.0,5.0,400,1,1,0,0,0,1,0,0,0,0,0,0,0,0,0,0,0,0,0,1,4.0,1,0,0,0,1
124,0,32,0,0.5,5.0,550,0,1,1,0,0,0,0,0,0,0,0,0,0,1,0,0,0,0,0,0,4.0,1,1,0,0,1
125,0,18,0,0.6,3.0,500,0,0,0,0,0,0,0,1,0,0,0,0,0,0,0,0,0,0,0,0,3.0,1,1,1,0,0
126,0,4,0,1.0,10.0,550,1,1,0,0,0,0,0,0,0,0,0,0,1,0,0,0,0,0,0,0,1.0,0,1,1,0,0
127,0,4,0,3.0,5.0,500,0,0,0,1,0,0,0,1,0,0,0,0,0,0,0,0,0,0,0,0,2.0,1,1,1,0,0
128,0,0,0,1.0,3.0,700,0,0,0,0,0,0,0,0,0,0,0,0,1,0,0,0,0,0,0,0,2.0,0,1,1,1,1
129,1,1,0,3.0,10.0,550,0,1,1,0,0,0,0,1,0,0,0,0,0,0,0,0,0,0,0,1,3.0,1,1,0,0,0
130,0,16,0,0.7,3.0,500,0,0,0,0,0,0,0,1,0,0,0,0,0,0,0,0,0,0,0,0,3.0,1,1,1,0,1
131,0,4,0,2.0,1.0,500,0,1,0,0,0,0,0,1,0,0,0,0,0,0,0,0,0,0,0,0,2.0,1,1,0,0,1
132,1,0,0,0.0,3.0,450,0,1,0,1,0,0,0,0,0,0,0,0,1,0,0,0,0,0,0,0,3.0,1,1,1,0,0
133,0,1,0,2.7,3.0,550,0,0,0,1,0,0,0,1,0,0,0,0,0,0,0,0,0,0,0,1,2.0,1,1,1,0,0
134,0,0,0,0.0,3.0,450,1,1,1,0,0,0,0,1,0,0,0,0,0,0,0,0,0,0,0,0,3.0,1,1,0,0,0
135,1,23,0,0.0,3.0,500,1,1,0,0,0,0,0,1,0,0,0,0,0,0,0,0,0,0,0,0,1.0,0,0,1,0,0
136,1,0,0,2.5,3.0,500,0,0,0,0,0,0,0,1,0,0,0,0,0,0,0,0,0,0,0,0,3.0,0,1,0,0,0
137,0,0,0,3.0,5.0,550,1,1,1,0,0,0,1,0,0,0,0,0,0,0,0,0,0,0,0,0,4.0,1,1,1,1,1
138,0,0,0,0.8,5.0,550,0,0,0,1,0,0,0,1,0,0,0,0,0,0,0,0,0,0,0,1,3.0,1,1,1,0,1
139,0,0,0,0.4,1.0,550,0,0,0,0,0,0,0,1,0,0,0,0,0,0,0,0,0,0,0,0,4.0,0,1,1,0,0
140,0,35,0,1.75,5.0,400,0,1,2,1,0,0,0,0,0,0,0,0,1,0,0,0,0,0,0,0,2.0,0,0,0,1,0
141,1,36,0,0.0,10.0,700,0,1,0,0,0,0,0,1,0,0,0,0,0,0,0,0,0,0,0,0,2.0,1,1,1,1,1
142,0,37,0,1.0,3.0,550,1,1,1,0,0,0,0,0,0,0,0,0,0,0,1,0,0,0,0,0,2.0,1,1,1,1,0
143,0,1,0,2.0,10.0,500,1,1,0,0,0,0,0,1,0,0,0,0,0,0,0,0,0,0,0,0,4.0,0,1,0,0,0
144,1,4,0,1.0,3.0,500,0,1,0,0,0,0,0,1,0,0,0,0,0,0,0,0,0,0,0,0,2.0,0,1,1,0,0
145,0,1,0,2.6,3.0,700,0,0,0,0,0,0,0,1,0,0,0,0,0,0,0,0,0,0,0,1,2.0,1,1,1,0,1
146,0,0,0,2.0,1.0,550,0,0,0,1,1,0,0,0,0,0,0,0,1,0,0,0,0,0,0,0,4.0,0,1,0,0,1
147,1,5,1,2.5,3.0,500,0,1,0,0,0,0,0,1,0,0,0,0,0,0,0,0,0,0,0,0,2.0,1,1,0,0,0
148,1,0,0,0.0,3.0,500,0,0,0,0,0,0,0,0,0,0,0,0,0,0,0,0,0,0,1,0,1.0,1,1,1,0,1
149,0,0,0,1.5,3.0,700,0,0,0,0,0,0,0,1,0,0,0,0,0,0,0,0,0,0,0,0,2.0,1,1,0,0,1
150,0,0,0,0.16699999999999998,3.0,550,1,1,1,2,0,0,0,1,0,0,0,0,0,0,0,0,0,0,0,0,2.0,1,1,1,1,1
151,1,22,0,2.0,3.0,700,0,1,0,0,0,0,0,1,0,0,0,0,0,0,0,0,0,0,0,0,3.0,1,1,0,0,1
152,0,1,1,2.0,5.0,550,0,0,0,0,0,0,0,1,0,0,0,0,0,0,0,0,0,0,0,0,2.0,1,1,0,0,0
153,0,36,0,0.0,5.0,500,1,1,0,0,0,0,0,0,0,0,0,0,1,0,0,0,0,0,0,0,2.0,0,0,1,0,0
154,1,23,0,0.0,5.0,500,1,1,0,0,0,0,0,1,0,0,0,0,0,0,0,0,0,0,0,0,4.0,1,1,0,0,1
155,0,0,0,0.0,1.0,550,0,0,0,0,0,0,0,1,0,0,0,0,0,0,0,0,0,0,0,0,4.0,0,1,1,0,0
156,1,0,0,0.0,3.0,550,0,1,0,0,0,0,0,0,0,0,0,0,0,0,0,0,0,0,1,0,2.0,1,1,0,0,1
157,1,4,0,2.0,5.0,450,2,0,0,0,1,0,0,0,0,1,0,0,0,0,0,0,0,0,0,0,3.0,1,1,1,0,1
158,0,0,0,0.0,3.0,500,1,1,1,0,0,0,0,1,0,0,0,0,0,0,0,0,0,0,0,0,3.0,1,1,1,0,0
159,1,1,0,0.0,3.0,700,0,0,0,0,0,0,0,0,0,0,0,0,1,0,0,0,0,0,0,0,4.0,1,1,1,0,0
160,0,1,0,0.0,3.0,550,0,1,0,0,0,0,0,0,0,0,0,0,1,0,0,0,0,0,0,0,4.0,0,1,0,0,0
161,0,0,0,2.0,3.0,500,0,1,1,0,0,0,0,0,0,0,0,0,0,0,0,1,0,0,0,0,1.0,0,1,0,0,0
162,0,4,0,0.0,5.0,550,0,0,0,0,0,0,0,1,0,0,0,0,0,0,0,0,0,0,0,0,3.0,1,1,0,0,1
163,0,1,0,1.0,10.0,700,0,0,0,0,1,0,0,1,0,0,0,0,0,0,0,0,0,0,0,0,2.0,1,1,1,1,0
164,0,0,1,0.0,3.0,700,0,0,0,0,0,0,0,1,0,0,0,0,0,0,0,0,0,0,0,0,2.0,0,0,1,1,1
165,0,1,1,3.0,3.0,700,0,0,0,2,1,0,0,1,0,0,0,0,0,0,0,0,0,0,0,0,2.0,1,1,1,1,1
166,0,32,0,1.3600526315789474,4.046783625730995,500,0,0,0,0,0,0,0,0,0,0,0,0,0,0,0,0,0,0,0,0,2.797270955165692,1,1,1,1,1
167,0,32,0,0.0,1.0,450,1,1,1,0,0,0,0,1,0,0,0,0,0,0,0,0,0,0,0,0,2.0,0,0,1,0,0
168,0,36,0,0.0,3.0,700,0,0,0,0,0,0,0,0,0,0,0,1,0,0,0,0,0,0,0,1,4.0,0,1,1,1,0
169,1,22,0,0.16,5.0,700,0,1,1,0,0,0,0,1,0,0,0,0,0,0,0,0,0,0,0,0,2.0,1,0,0,0,1
170,0,0,0,0.0,3.0,500,0,1,0,0,0,0,0,0,0,0,0,0,0,0,0,1,0,0,0,0,4.0,0,1,1,0,0
171,0,6,0,0.0,5.0,700,0,0,0,0,0,0,0,0,0,0,0,0,1,0,0,0,0,0,0,0,3.0,1,1,1,1,0
172,0,1,0,2.0,3.0,500,2,0,2,1,0,0,0,0,0,0,0,0,1,0,0,0,0,0,0,0,2.0,0,1,1,0,0
173,0,3,0,5.0,5.0,450,0,0,0,0,0,0,0,0,0,0,0,0,0,0,0,1,0,0,0,0,2.0,1,0,0,0,0
174,0,3,0,1.0,5.0,700,0,0,0,0,0,0,0,0,0,0,0,0,0,0,0,1,0,0,0,0,1.0,0,0,1,0,0
175,0,4,0,2.3,1.0,550,0,1,0,0,0,0,0,0,0,0,0,0,0,0,1,0,0,0,0,0,4.0,0,1,1,1,0
176,0,3,0,0.0,10.0,550,0,0,0,1,0,0,1,0,0,0,0,0,0,0,0,0,0,0,0,0,3.0,1,1,1,1,0
177,0,0,0,3.5,10.0,500,0,0,1,0,0,0,0,0,0,0,0,0,0,0,0,1,0,0,0,0,3.0,1,1,1,0,0
178,0,3,0,3.0,3.0,550,0,0,0,0,1,0,0,0,0,0,1,0,0,0,0,0,0,0,0,0,4.0,0,0,0,1,0
179,0,0,0,1.5,5.0,700,1,1,0,0,0,0,0,0,0,0,0,0,0,0,0,1,0,0,0,0,2.0,0,1,0,0,0
180,0,16,0,0.9,5.0,500,0,0,0,0,0,0,0,0,0,0,0,0,0,0,1,0,0,0,0,0,3.0,1,1,1,1,1
181,0,0,0,0.6,1.0,500,0,1,0,1,1,0,0,0,0,0,0,0,0,0,0,1,0,0,0,0,3.0,1,0,0,0,0
182,0,6,1,3.0,3.0,700,0,1,1,0,0,0,0,0,0,0,0,0,0,0,1,0,0,0,0,0,4.0,0,1,0,0,0
183,0,0,0,0.0,3.0,550,0,0,0,0,0,0,0,0,0,0,0,0,0,0,1,0,0,0,0,0,3.0,1,1,1,0,1
184,0,29,0,0.0,3.0,500,0,1,2,0,0,0,0,0,0,0,0,1,0,0,0,0,0,0,0,0,4.0,0,0,1,1,0
185,0,0,0,1.0,5.0,1000,0,1,1,0,0,0,0,0,0,0,0,1,0,0,0,0,0,0,0,0,2.0,1,1,1,1,0
186,1,1,0,1.4,1.0,700,0,0,0,0,0,0,0,0,0,0,0,0,0,0,0,1,0,0,0,0,3.0,0,1,1,0,0
187,0,5,0,2.0,5.0,500,0,0,0,1,0,0,0,0,0,0,0,0,1,0,0,0,0,0,0,0,3.0,0,1,1,1,0
188,0,0,0,3.0,3.0,500,0,0,0,0,0,0,0,0,0,0,0,0,0,0,0,1,0,0,0,1,4.0,1,1,1,1,1
189,0,1,0,2.0,1.0,500,0,0,0,0,0,0,0,0,0,0,0,0,1,0,0,0,0,0,0,0,2.0,0,1,1,1,0
190,0,1,0,2.0,1.0,550,0,0,0,0,0,0,0,0,0,0,0,0,1,0,0,0,0,0,0,1,4.0,0,1,1,0,0
191,1,34,0,4.5,3.0,500,0,0,0,0,0,0,0,0,0,0,0,0,0,0,0,1,0,0,0,0,4.0,1,1,1,1,0
192,0,4,0,1.8,5.0,500,0,0,0,0,0,0,0,0,0,0,0,0,0,0,0,1,0,0,0,0,2.0,1,1,1,1,0
193,1,4,0,2.4,3.0,500,0,1,0,0,0,0,0,0,0,0,0,0,0,0,0,1,0,0,0,0,2.0,0,1,1,0,0
194,0,4,0,2.5,5.0,500,0,0,0,1,0,0,0,0,0,0,0,0,0,0,0,1,0,0,0,1,4.0,1,1,1,1,1
195,0,1,0,2.0,5.0,550,1,1,1,0,0,0,0,0,0,0,0,0,0,0,0,1,0,0,0,0,2.0,1,1,1,0,0
196,0,38,0,0.0,5.0,700,0,0,0,0,1,0,0,0,0,0,0,1,0,0,0,0,0,0,0,0,4.0,0,1,1,0,0
197,0,0,0,3.0,3.0,500,0,0,0,0,0,0,0,0,0,0,0,1,0,0,0,0,0,0,0,0,3.0,0,1,1,1,0
198,0,39,0,0.0,3.0,500,0,0,0,0,0,0,0,0,0,0,0,0,1,0,0,0,0,0,0,0,2.0,1,1,0,0,0
199,0,1,1,2.0,5.0,450,0,0,0,0,0,0,0,0,0,0,0,0,1,0,0,0,0,0,0,0,4.0,1,1,1,1,1
200,0,34,0,0.0,5.0,700,0,1,0,0,0,0,0,0,0,0,0,0,0,0,0,1,0,0,0,0,4.0,0,1,1,0,0
201,0,0,0,4.0,3.0,500,1,1,1,0,0,0,0,0,0,0,0,0,0,0,0,1,0,0,0,0,3.0,1,1,0,0,1
202,0,0,0,2.0,1.0,450,0,0,0,0,0,0,0,0,0,0,0,0,0,0,0,1,0,0,0,0,2.0,0,1,0,0,0
203,0,1,0,0.0,3.0,550,2,0,2,0,1,0,0,0,0,0,0,0,0,0,0,1,0,0,0,0,2.0,1,1,1,1,0
204,0,4,0,1.0,10.0,700,0,1,0,0,0,0,0,1,0,0,0,0,0,0,0,0,0,0,0,0,2.0,1,1,0,0,1
205,0,0,0,1.0,3.0,500,2,0,0,0,0,0,0,0,0,0,0,0,0,0,0,1,0,0,0,0,4.0,1,1,0,0,0
206,0,40,0,1.3,3.0,450,0,0,2,0,1,0,0,0,0,0,0,0,0,0,0,0,0,0,1,0,3.0,1,1,1,0,0
207,0,0,0,2.5,3.0,450,0,0,0,0,0,0,0,0,0,0,0,0,0,0,0,1,0,0,0,0,4.0,0,1,1,1,0
208,0,0,0,2.0,3.0,400,0,1,1,0,0,0,0,0,0,0,0,0,0,0,0,1,0,0,0,0,3.0,1,1,0,0,0
209,0,0,0,2.0,10.0,700,0,0,0,0,0,0,0,0,0,0,0,0,1,0,0,0,0,0,0,0,2.0,1,1,1,1,1
210,1,0,0,0.0,5.0,450,0,1,0,0,0,0,0,0,0,0,0,0,0,0,0,1,0,0,0,1,2.0,1,1,1,0,0
211,1,0,0,2.5,10.0,400,0,0,0,0,0,0,0,0,0,0,0,0,0,0,0,1,0,0,0,1,4.0,1,1,1,1,0
212,0,3,0,0.0,5.0,500,0,0,0,0,0,0,0,0,0,0,0,0,0,0,0,1,0,0,0,0,4.0,1,1,1,0,0
213,0,4,0,2.5,5.0,500,0,0,0,0,0,0,0,0,0,0,0,0,0,0,0,1,0,0,0,1,4.0,1,1,1,1,1
214,1,0,0,0.0,5.0,550,0,1,0,0,0,0,0,0,0,0,0,0,0,0,0,0,0,0,1,0,4.0,0,1,0,0,0
215,0,4,1,5.0,3.0,550,0,0,0,1,0,0,0,0,0,0,0,0,0,0,0,1,0,0,0,0,2.0,1,1,1,0,1
216,0,1,0,1.8,10.0,450,0,0,0,0,0,0,0,0,0,0,0,0,0,1,0,0,0,0,0,0,1.0,1,1,1,0,0
217,1,41,0,2.0,3.0,500,1,1,0,2,1,0,0,0,0,0,0,0,0,0,0,1,0,0,0,1,4.0,1,1,1,1,0
218,0,1,0,2.0,5.0,700,0,0,0,0,1,0,0,1,0,0,0,0,0,0,0,0,0,0,0,0,4.0,1,1,1,1,1
219,0,1,0,1.5,5.0,450,0,0,0,0,0,0,0,0,0,0,0,0,0,0,0,1,0,0,0,0,3.0,0,1,1,0,1
220,0,0,0,0.6,3.0,500,0,0,0,0,0,0,1,0,0,0,0,0,0,0,0,0,0,0,0,0,4.0,1,1,1,1,0
221,0,1,0,0.0,5.0,450,0,1,0,0,1,0,0,0,0,0,0,0,0,0,0,1,0,0,0,0,4.0,1,1,1,1,1
222,0,42,0,0.0,3.0,450,1,1,2,2,0,0,0,0,0,0,0,1,0,0,0,0,0,0,0,0,2.0,1,1,0,0,0
223,0,0,0,0.0,3.0,700,0,1,0,0,1,0,0,0,0,0,0,0,1,0,0,0,0,0,0,0,2.0,0,1,1,0,0
224,0,1,0,2.0,1.0,550,0,0,0,0,0,0,0,0,0,0,0,0,0,0,0,1,0,0,0,0,3.0,0,1,1,1,0
225,0,13,0,1.8,3.0,700,0,0,0,0,0,0,0,0,0,0,0,0,0,0,0,1,0,0,0,0,3.0,0,1,1,0,1
226,0,43,0,1.5,5.0,700,0,0,0,0,0,0,0,0,0,0,0,0,0,0,0,1,0,0,0,0,2.0,0,1,1,0,0
227,1,0,0,0.0,5.0,700,0,0,1,0,0,0,0,1,0,0,0,0,0,0,0,0,0,0,0,0,2.0,1,1,0,0,1
228,0,6,0,0.25,5.0,550,0,1,0,0,1,0,0,0,0,0,0,0,0,0,0,1,0,0,0,0,4.0,1,1,1,1,0
229,0,0,0,2.75,3.0,450,1,1,1,1,0,0,0,0,0,0,0,0,0,0,0,1,0,0,0,1,4.0,0,1,1,0,0
230,0,1,0,0.0,1.0,500,0,0,0,2,1,0,0,0,0,0,0,0,1,0,0,0,0,0,0,0,3.0,1,0,0,0,0
231,1,44,0,0.6,3.0,400,0,0,0,0,0,0,0,0,0,0,0,0,1,0,0,0,0,0,0,0,1.0,0,0,1,0,0
232,0,6,0,0.0,1.0,550,0,0,0,2,0,0,0,0,0,0,0,0,0,0,0,1,0,0,0,0,3.0,0,1,0,0,0
233,0,4,0,2.0,5.0,550,0,0,0,0,0,0,0,0,0,0,0,0,0,0,0,1,0,0,0,0,3.0,1,1,1,1,1
234,1,1,0,0.0,5.0,450,0,1,0,0,0,0,0,0,0,0,0,0,0,0,0,1,0,0,0,0,3.0,0,1,1,0,0
235,0,0,0,1.0,1.0,700,2,0,0,0,1,0,0,0,0,0,0,0,0,0,0,1,0,0,0,0,2.0,1,1,1,1,1
236,0,1,0,1.8,3.0,700,0,0,0,2,1,0,0,0,0,0,0,0,0,0,0,1,0,0,0,0,2.0,1,1,1,1,0
237,1,1,0,1.0,3.0,500,0,0,0,0,1,0,0,0,0,0,0,0,0,0,0,1,0,0,0,0,4.0,1,1,0,0,0
238,0,0,0,1.0,3.0,500,2,0,0,0,0,0,0,0,0,0,0,0,0,0,0,1,0,0,0,1,4.0,1,1,0,0,0
239,0,0,0,0.0,3.0,550,0,1,1,2,0,0,0,0,0,0,0,0,0,0,0,1,0,0,0,0,3.0,1,1,1,0,1
240,0,0,1,3.0,5.0,400,1,1,0,2,0,0,0,0,0,0,0,0,0,0,0,1,0,0,0,0,4.0,0,1,0,0,0
241,0,0,0,0.0,5.0,500,0,0,2,1,0,0,0,0,0,0,0,0,0,0,0,0,0,0,1,0,4.0,1,1,1,0,0
242,0,42,0,4.0,5.0,500,0,0,0,1,0,0,0,0,0,0,0,0,0,0,0,1,0,0,0,0,3.0,1,1,1,0,0
243,0,0,0,1.1,3.0,700,0,1,0,0,0,0,0,0,0,0,0,0,0,0,0,1,0,0,0,0,2.0,0,1,0,0,0
244,0,4,1,1.4,5.0,700,0,0,0,0,0,0,0,0,0,0,0,0,0,0,0,1,0,0,0,0,3.0,1,1,1,1,0
245,0,0,0,3.9,1.0,500,0,1,1,0,0,0,0,0,0,0,0,0,0,0,0,1,0,0,0,0,4.0,1,1,1,1,1
246,1,0,0,0.6,5.0,550,0,0,0,0,0,0,0,0,0,0,0,0,0,0,0,1,0,0,0,0,4.0,0,1,1,0,0
247,0,1,0,3.0,5.0,500,0,1,0,0,0,0,0,1,0,0,0,0,0,0,0,0,0,0,0,0,2.0,0,0,1,1,0
248,0,9,0,0.0,3.0,500,1,1,0,0,1,0,0,1,0,0,0,0,0,0,0,0,0,0,0,0,3.0,1,0,0,0,0
249,0,16,0,2.0,1.0,500,0,0,0,0,0,0,0,0,0,0,0,0,0,0,0,1,0,0,0,0,2.0,1,1,1,0,1
250,1,4,0,2.0,5.0,500,0,0,0,1,1,0,0,0,0,0,0,0,0,0,0,1,0,0,0,0,3.0,1,1,0,0,0
251,1,1,0,1.8,5.0,700,0,1,1,1,0,0,0,0,1,0,0,0,0,0,0,0,0,0,0,0,3.0,1,1,1,1,1
252,0,0,0,0.0,10.0,550,0,0,0,0,0,0,0,0,0,0,0,0,1,0,0,0,0,0,0,0,2.0,0,1,1,0,0
253,1,0,0,0.0,5.0,700,0,1,0,0,0,0,0,1,0,0,0,0,0,0,0,0,0,0,0,0,2.0,1,1,1,0,0
254,0,45,0,9.0,3.0,1000,0,0,0,0,1,0,1,0,0,0,0,0,0,0,0,0,0,0,0,0,1.0,1,1,1,1,1
255,0,0,1,0.0,3.0,450,1,1,0,0,0,0,0,0,0,0,0,0,0,0,0,1,0,0,0,0,4.0,1,1,0,0,0
256,1,5,0,0.0,10.0,550,0,0,0,0,0,1,0,0,0,0,0,0,0,0,0,0,0,0,0,0,4.0,1,1,1,1,0
257,0,34,1,0.0,1.0,500,0,1,2,0,0,0,0,0,0,0,0,0,1,0,0,0,0,0,0,0,4.0,1,1,1,1,0
258,0,32,0,1.0,5.0,550,0,1,0,0,1,0,0,0,0,0,0,0,0,1,0,0,0,0,0,1,4.0,1,1,0,0,0
259,0,0,0,1.0,3.0,500,0,0,0,0,0,0,0,0,0,0,0,0,0,1,0,0,0,0,0,0,2.0,1,1,1,0,0
260,0,32,0,5.0,3.0,500,0,0,0,0,0,0,0,0,0,0,0,0,0,1,0,0,0,0,0,0,3.0,1,1,1,0,0
261,0,9,0,5.0,3.0,450,0,1,0,0,0,0,0,0,0,0,0,0,0,1,0,0,0,0,0,0,3.0,1,1,0,0,0
262,0,34,0,0.9,3.0,550,0,0,0,2,0,0,0,0,0,0,0,0,1,0,0,0,0,0,0,0,2.0,0,1,1,0,0
263,0,0,0,0.5,3.0,550,0,1,0,2,1,0,0,0,0,0,0,0,0,0,0,1,0,0,0,0,2.0,1,1,1,1,1
264,1,3,0,0.0,3.0,500,0,0,0,0,0,0,0,0,0,0,0,0,1,0,0,0,0,0,0,0,1.0,0,1,1,0,0
265,0,9,0,3.0,3.0,1000,0,1,0,0,0,0,0,0,0,0,0,0,0,0,0,0,0,0,1,0,3.0,1,1,1,0,0
266,0,4,0,2.0,3.0,500,2,0,0,0,0,0,0,1,0,0,0,0,0,0,0,0,0,0,0,0,2.0,1,1,0,0,1
267,1,13,0,1.0,5.0,700,0,0,0,1,0,0,0,0,0,0,0,0,0,0,0,1,0,0,0,0,2.0,0,1,0,0,0
268,1,2,0,2.8,5.0,450,0,1,1,0,0,0,0,0,0,0,0,0,0,0,1,0,0,0,0,0,2.0,1,1,0,0,1
269,0,46,0,1.0,3.0,450,0,0,0,0,0,0,0,0,0,0,0,1,0,0,0,0,0,0,0,0,4.0,0,1,1,0,0
270,0,32,0,0.5,3.0,1000,0,1,0,0,0,0,0,0,0,0,0,0,1,0,0,0,0,0,0,0,2.0,1,1,0,0,1
271,0,1,0,0.0,5.0,550,0,1,0,0,0,0,0,0,0,0,0,0,1,0,0,0,0,0,0,0,2.0,0,1,0,0,0
272,0,36,0,0.0,3.0,1000,0,0,0,0,1,0,0,0,0,0,0,0,0,0,0,1,0,0,0,0,2.0,0,1,1,1,0
273,1,0,0,2.0,5.0,400,0,1,0,0,0,0,0,0,0,0,0,0,1,0,0,0,0,0,0,0,1.0,0,1,0,0,0
274,0,47,0,0.0,5.0,500,0,0,2,0,0,0,0,0,0,0,0,0,0,0,0,1,0,0,0,0,2.0,1,1,0,0,0
275,0,0,0,2.0,3.0,700,0,0,0,0,0,0,0,1,0,0,0,0,0,0,0,0,0,0,0,1,2.0,1,1,1,0,0
276,0,0,0,0.7,1.0,550,0,0,0,0,0,0,1,0,0,0,0,0,0,0,0,0,0,0,0,0,4.0,1,1,1,1,1
277,0,0,0,0.0,1.0,400,0,0,0,2,0,0,0,0,0,0,0,0,1,0,0,0,0,0,0,0,3.0,0,0,1,0,1
278,1,4,0,2.0,1.0,450,0,1,0,1,0,0,0,0,0,0,0,0,1,0,0,0,0,0,0,0,3.0,0,1,1,1,0
279,1,4,1,2.0,3.0,400,0,1,0,0,0,0,0,0,0,0,0,0,1,0,0,0,0,0,0,0,4.0,0,1,1,1,0
280,1,48,0,3.0,5.0,450,1,1,1,0,0,0,0,0,0,0,0,0,1,0,0,0,0,0,0,0,1.0,1,1,1,0,1
281,0,1,0,2.0,5.0,500,0,0,1,0,0,0,0,0,0,0,0,0,0,0,0,1,0,0,0,0,3.0,0,1,1,0,0
282,0,49,1,2.0,3.0,500,0,0,0,2,1,0,0,0,0,0,0,0,1,0,0,0,0,0,0,0,4.0,0,1,1,1,0
283,1,1,0,2.0,1.0,500,0,1,1,2,0,0,0,1,0,0,0,0,0,0,0,0,0,0,0,1,2.0,1,1,1,1,1
284,0,0,0,2.0,3.0,450,1,1,0,1,0,0,0,0,0,0,0,0,0,0,0,1,0,0,0,1,1.0,1,1,1,1,1
285,0,0,1,1.0,5.0,700,0,1,0,0,1,0,0,1,0,0,0,0,0,0,0,0,0,0,0,0,4.0,0,1,0,0,0
286,1,1,0,1.4,3.0,700,0,0,0,0,0,0,0,0,0,0,0,0,0,0,0,1,0,0,0,0,4.0,1,1,1,1,0
287,0,0,0,2.5,1.0,550,0,1,0,0,0,0,0,0,0,0,0,0,0,0,0,1,0,0,0,0,4.0,1,0,0,0,0
288,0,0,0,0.0,5.0,450,0,0,2,0,0,0,0,0,0,0,0,0,0,0,0,1,0,0,0,1,3.0,1,1,0,0,0
289,0,0,0,0.0,3.0,550,0,0,0,0,0,0,0,0,0,0,0,0,0,0,0,1,0,0,0,0,4.0,1,1,1,1,1
290,0,0,0,0.0,1.0,700,0,1,1,0,0,0,0,0,0,0,0,0,1,0,0,0,0,0,0,0,1.0,1,1,1,0,0
291,1,0,0,0.0,3.0,500,0,0,2,0,0,0,0,0,0,0,0,0,0,0,0,0,0,0,1,0,4.0,0,1,1,1,0
292,0,0,0,0.5,3.0,550,0,0,0,0,0,0,0,0,0,0,0,0,0,0,0,1,0,0,0,0,4.0,0,1,1,0,0
293,0,0,0,2.5,3.0,550,0,0,1,0,0,1,0,0,0,0,0,0,0,0,0,0,0,0,0,1,4.0,1,1,1,1,1
294,1,1,0,3.0,10.0,550,0,0,0,0,0,0,0,0,0,0,0,0,0,0,0,1,0,0,0,0,2.0,1,1,0,0,0
295,0,50,0,0.0,10.0,500,0,0,0,0,0,1,0,0,0,0,0,0,0,0,0,0,0,0,0,0,4.0,1,1,1,0,1
296,0,5,0,3.0,3.0,500,0,1,0,0,0,0,0,1,0,0,0,0,0,0,0,0,0,0,0,1,4.0,1,1,1,1,1
297,1,1,0,2.6,3.0,550,0,0,0,0,0,0,0,0,0,0,0,0,0,0,0,1,0,0,0,0,3.0,0,1,0,0,0
298,0,0,0,3.0,10.0,500,0,0,0,0,0,0,0,0,0,0,0,0,0,0,0,0,0,1,0,0,2.0,0,1,0,0,1
299,0,0,0,1.5,3.0,450,0,0,0,0,0,0,0,0,0,0,0,0,1,0,0,0,0,0,0,0,3.0,1,1,1,1,1
300,0,5,0,1.3600526315789474,4.046783625730995,500,0,0,0,0,0,0,0,0,0,0,0,0,0,0,0,0,0,0,0,0,2.797270955165692,1,1,1,1,1
301,0,0,0,0.0,3.0,700,0,0,0,0,1,0,0,0,0,1,0,0,0,0,0,0,0,0,0,0,2.0,0,0,1,0,0
302,1,18,0,1.7,1.0,550,0,0,0,0,0,0,0,0,0,0,0,0,0,0,0,1,0,0,0,0,2.0,0,1,0,0,0
303,0,0,0,0.0,1.0,500,0,0,1,0,0,0,0,0,0,0,0,0,0,1,0,0,0,0,0,0,4.0,0,1,1,0,0
304,1,36,0,0.0,3.0,550,0,0,0,0,0,0,0,1,0,0,0,0,0,0,0,0,0,0,0,0,2.0,1,1,1,1,0
305,0,51,0,1.0,1.0,450,0,0,0,1,0,0,0,0,0,0,0,0,0,0,1,0,0,0,0,0,3.0,1,1,0,0,0
306,1,23,0,0.0,10.0,550,0,1,0,0,0,0,0,0,0,0,0,0,0,0,0,0,0,0,1,1,2.0,1,1,0,0,0
307,0,34,0,0.9,3.0,550,1,1,0,2,1,0,0,0,0,0,0,0,1,0,0,0,0,0,0,0,4.0,1,1,1,0,1
308,0,3,0,5.0,5.0,400,0,0,0,0,0,0,0,0,0,0,0,0,1,0,0,0,0,0,0,0,2.0,0,1,0,0,0
309,1,0,0,0.0,3.0,550,0,0,0,0,1,0,0,0,0,0,0,0,1,0,0,0,0,0,0,0,2.0,1,1,0,0,1
310,0,52,0,0.0,5.0,550,0,0,0,0,0,0,0,0,0,0,0,0,0,1,0,0,0,0,0,0,4.0,1,1,1,1,1
311,0,2,0,0.0,5.0,500,0,0,0,1,0,0,0,0,0,0,0,0,0,0,0,1,0,0,0,0,2.0,1,1,1,1,1
312,1,0,0,2.7,10.0,500,0,1,0,0,0,0,0,0,0,0,0,0,0,0,0,1,0,0,0,0,2.0,1,1,0,0,1
313,0,36,0,0.0,5.0,700,0,0,0,0,0,0,0,0,0,0,0,0,0,1,0,0,0,0,0,0,4.0,1,1,0,0,1
314,0,4,0,0.7,1.0,550,0,0,0,0,0,0,0,0,0,0,0,0,0,1,0,0,0,0,0,0,2.0,0,1,1,1,0
315,0,47,0,0.0,3.0,500,0,0,0,0,1,0,0,0,0,0,0,0,0,1,0,0,0,0,0,1,4.0,1,1,1,1,1
316,1,53,0,0.0,3.0,500,0,1,0,0,0,0,0,0,0,0,0,0,0,0,1,0,0,0,0,0,2.0,1,1,1,0,1
317,1,0,0,0.0,3.0,400,1,1,1,0,0,0,0,1,0,0,0,0,0,0,0,0,0,0,0,0,2.0,1,1,1,1,0
318,0,6,0,0.0,5.0,700,0,0,0,0,0,0,0,0,0,0,0,0,0,1,0,0,0,0,0,0,3.0,1,1,1,1,1
319,1,1,0,2.0,3.0,450,0,1,2,0,0,0,0,0,0,0,1,0,0,0,0,0,0,0,0,0,2.0,1,1,0,0,0
320,0,0,0,0.0,5.0,450,0,0,0,0,0,0,0,1,0,0,0,0,0,0,0,0,0,0,0,0,4.0,0,1,0,0,0
321,0,22,1,1.7,10.0,500,0,0,0,0,0,0,0,1,0,0,0,0,0,0,0,0,0,0,0,0,4.0,0,1,1,0,1
322,0,54,0,5.0,10.0,550,0,0,0,0,0,0,0,0,0,0,0,0,0,1,0,0,0,0,0,0,2.0,1,1,1,1,1
323,1,55,0,0.0,3.0,500,0,0,0,1,1,0,0,0,0,1,0,0,0,0,0,0,0,0,0,0,1.0,0,1,1,1,0
324,0,1,0,2.5,3.0,500,0,0,2,0,1,0,0,0,0,1,0,0,0,0,0,0,0,0,0,0,1.0,1,1,1,1,1
325,0,0,0,0.0,3.0,700,0,1,1,0,0,0,0,0,0,0,0,0,0,0,0,1,0,0,0,0,4.0,1,1,1,1,0
326,0,51,0,1.5,3.0,450,0,0,1,0,0,0,0,0,0,0,0,0,0,0,0,1,0,0,0,0,2.0,1,1,0,0,0
327,0,56,0,0.0,1.0,700,1,1,0,1,0,0,0,0,0,0,0,0,0,0,0,1,0,0,0,0,2.0,0,0,1,0,1
328,0,0,0,0.0,3.0,450,1,1,1,0,0,0,0,0,0,0,0,0,0,1,0,0,0,0,0,0,4.0,1,1,0,0,1
329,0,1,0,2.0,10.0,500,0,1,0,0,1,0,0,1,0,0,0,0,0,0,0,0,0,0,0,0,1.0,1,1,1,0,1
330,1,0,0,0.0,3.0,500,0,0,0,0,1,0,0,0,0,0,0,0,0,0,0,1,0,0,0,0,3.0,1,0,0,0,1
331,0,32,0,0.0,3.0,500,0,0,0,0,0,0,0,0,0,0,0,1,0,0,0,0,0,0,0,0,3.0,1,1,0,0,0
332,0,55,0,3.8,3.0,550,1,1,0,0,0,0,0,1,0,0,0,0,0,0,0,0,0,0,0,0,2.0,1,1,1,0,0
333,1,5,0,2.0,5.0,500,0,0,0,0,0,0,0,0,0,1,0,0,0,0,0,0,0,0,0,0,2.0,0,1,0,0,1
334,0,19,0,3.0,10.0,700,0,0,0,1,0,0,0,0,0,0,0,0,1,0,0,0,0,0,0,1,4.0,1,1,1,1,1
335,0,1,0,1.5,5.0,550,0,0,0,0,1,0,0,0,0,0,0,0,1,0,0,0,0,0,0,0,2.0,1,1,1,1,0
336,1,57,0,0.3,3.0,450,0,0,0,0,0,0,0,0,0,0,0,0,1,0,0,0,0,0,0,0,2.0,0,1,0,0,0
337,0,12,1,2.5,5.0,550,0,1,0,0,0,0,0,1,0,0,0,0,0,0,0,0,0,0,0,1,3.0,1,1,1,1,1
338,0,0,0,0.0,1.0,700,0,0,0,0,0,0,0,1,0,0,0,0,0,0,0,0,0,0,0,1,4.0,0,1,0,0,0
339,0,1,0,3.0,5.0,500,0,1,0,2,0,0,0,1,0,0,0,0,0,0,0,0,0,0,0,0,1.0,1,1,1,1,1
340,0,32,0,0.0,5.0,700,1,1,1,0,0,0,0,0,0,1,0,0,0,0,0,0,0,0,0,0,2.0,0,1,1,1,0
341,1,58,0,0.0,3.0,1000,1,1,0,0,1,0,0,0,0,0,0,0,0,0,0,0,0,0,1,0,1.0,0,1,1,0,0
342,0,13,0,1.0,5.0,500,0,1,0,2,1,0,0,0,0,0,0,0,0,0,0,1,0,0,0,1,4.0,1,1,1,1,0
343,0,0,0,1.6,10.0,500,0,1,0,1,0,0,0,1,0,0,0,0,0,0,0,0,0,0,0,0,4.0,1,1,1,0,0
344,0,51,0,0.0,1.0,700,2,2,0,2,0,0,0,0,0,1,0,0,0,0,0,0,0,0,0,0,2.0,0,0,1,0,0
345,0,0,0,0.2,5.0,500,0,0,0,0,1,0,0,0,0,0,0,0,0,1,0,0,0,0,0,0,4.0,1,1,1,1,1
346,0,0,0,1.0,5.0,700,0,0,0,0,1,0,0,0,0,0,0,1,0,0,0,0,0,0,0,1,2.0,0,0,1,1,0
347,0,59,0,0.0,3.0,500,0,1,0,0,0,0,0,0,0,0,0,0,1,0,0,0,0,0,0,0,2.0,0,1,1,0,0
348,0,4,0,0.0,1.0,500,0,0,0,0,0,0,1,0,0,0,0,0,0,0,0,0,0,0,0,0,2.0,1,1,0,0,0
349,0,60,0,0.0,10.0,450,0,1,0,1,0,0,0,0,0,0,0,0,0,0,0,1,0,0,0,0,1.0,1,1,1,1,1
350,1,5,0,2.1,3.0,450,0,0,0,0,0,0,0,0,0,0,0,0,1,0,0,0,0,0,0,0,3.0,0,1,1,0,0
351,0,4,0,1.3600526315789474,4.046783625730995,500,0,0,0,0,0,0,0,0,0,0,0,0,0,0,0,0,0,0,0,0,2.797270955165692,1,1,1,1,1
352,0,36,0,2.0,5.0,400,0,1,0,2,0,0,0,0,0,0,0,0,0,1,0,0,0,0,0,0,3.0,1,1,1,1,0
353,0,32,0,1.5,3.0,500,0,0,0,0,1,0,0,0,0,1,0,0,0,0,0,0,0,0,0,0,4.0,1,1,1,1,1
354,1,5,0,2.1,5.0,450,0,0,0,0,0,0,0,0,0,0,0,0,1,0,0,0,0,0,0,0,3.0,0,1,1,0,0
355,0,0,0,0.75,3.0,550,0,1,1,0,1,0,0,1,0,0,0,0,0,0,0,0,0,0,0,1,4.0,0,1,1,1,0
356,0,0,0,0.0,3.0,500,2,0,1,2,0,0,0,0,0,0,0,0,0,0,0,1,0,0,0,0,3.0,1,1,1,1,0
357,0,0,0,2.0,3.0,450,0,0,0,0,0,0,0,0,0,0,0,0,1,0,0,0,0,0,0,1,3.0,1,1,1,1,1
358,0,0,0,0.0,5.0,700,0,0,0,0,0,0,0,0,0,0,0,0,1,0,0,0,0,0,0,0,3.0,1,1,1,1,0
359,1,61,0,4.5,3.0,500,0,0,0,0,1,0,0,1,0,0,0,0,0,0,0,0,0,0,0,0,3.0,1,1,1,0,0
360,0,1,0,6.0,10.0,450,0,0,0,1,1,0,0,1,0,0,0,0,0,0,0,0,0,0,0,1,2.0,1,1,1,1,1
361,0,22,0,0.0,5.0,1000,0,0,0,0,0,0,0,0,0,1,0,0,0,0,0,0,0,0,0,1,4.0,1,1,1,1,0
362,0,1,0,2.0,1.0,700,0,0,0,1,0,0,0,0,0,1,0,0,0,0,0,0,0,0,0,0,2.0,1,1,1,0,1
363,0,62,1,0.0,5.0,450,2,0,0,0,0,0,0,0,0,0,0,0,0,0,0,1,0,0,0,0,2.0,0,1,0,0,0
364,0,0,0,0.0,10.0,500,0,0,0,0,0,0,0,0,0,0,0,0,0,1,0,0,0,0,0,1,3.0,1,1,1,1,0
365,1,0,0,0.0,1.0,450,1,1,0,0,0,0,0,0,0,0,0,0,0,0,0,1,0,0,0,0,4.0,1,1,1,0,0
366,1,23,0,1.1,10.0,400,1,1,0,1,0,0,0,0,0,0,0,0,0,0,0,0,0,0,1,1,4.0,1,0,0,0,1
367,0,0,0,1.0,3.0,550,0,0,0,0,0,0,0,0,0,0,0,0,1,0,0,0,0,0,0,0,2.0,0,1,0,0,0
368,0,63,0,0.5,10.0,500,0,1,0,0,0,0,0,0,0,0,0,0,0,0,0,0,1,0,0,1,4.0,1,1,1,1,0
369,1,1,0,3.0,5.0,500,1,1,0,0,0,0,1,0,0,0,0,0,0,0,0,0,0,0,0,0,2.0,1,1,1,1,1
370,0,0,0,3.0,10.0,400,0,1,1,0,0,0,0,0,0,0,0,0,0,0,0,1,0,0,0,1,2.0,1,1,1,1,1
371,0,4,0,2.4,3.0,550,0,1,0,0,0,0,0,0,0,0,0,0,0,0,0,1,0,0,0,0,3.0,1,1,1,0,0
372,0,0,0,0.8,3.0,500,0,0,0,0,0,0,0,1,0,0,0,0,0,0,0,0,0,0,0,0,4.0,1,1,1,1,1
373,0,0,0,2.0,5.0,450,1,1,0,0,0,0,0,0,0,0,0,0,0,0,0,1,0,0,0,0,3.0,1,1,1,1,1
374,0,9,0,1.0,1.0,700,0,1,1,0,0,0,0,0,0,0,0,0,1,0,0,0,0,0,0,0,3.0,0,1,1,1,0
375,0,32,0,0.0,5.0,500,0,0,1,0,0,0,0,0,0,0,0,0,1,0,0,0,0,0,0,0,4.0,1,1,1,1,0
376,0,1,0,3.0,10.0,550,0,1,0,0,0,0,0,1,0,0,0,0,0,0,0,0,0,0,0,0,2.0,1,1,0,0,1
377,0,6,0,0.0,3.0,550,1,1,1,0,0,0,0,0,0,0,0,0,1,0,0,0,0,0,0,0,4.0,1,1,0,0,1
378,0,1,0,1.0,3.0,500,0,0,0,0,0,0,0,1,0,0,0,0,0,0,0,0,0,0,0,0,2.0,0,0,1,1,0
379,0,0,0,2.0,3.0,550,0,1,1,0,0,0,0,0,0,0,0,0,0,0,0,0,0,0,1,1,4.0,1,1,1,0,0
380,0,0,0,0.0,3.0,1000,0,0,0,0,0,0,0,1,0,0,0,0,0,0,0,0,0,0,0,0,2.0,0,1,1,1,0
381,0,1,0,2.6,3.0,400,0,1,1,0,0,0,0,1,0,0,0,0,0,0,0,0,0,0,0,0,4.0,1,1,0,0,0
382,0,4,0,2.8,3.0,450,0,0,0,1,1,0,0,1,0,0,0,0,0,0,0,0,0,0,0,1,3.0,1,1,1,0,0
383,1,0,0,1.6,10.0,550,0,1,1,0,1,0,0,0,0,1,0,0,0,0,0,0,0,0,0,0,3.0,1,1,0,0,1
384,1,51,0,0.0,3.0,500,0,0,0,0,0,0,0,0,0,1,0,0,0,0,0,0,0,0,0,0,2.0,0,1,1,1,0
385,0,49,0,1.0,3.0,550,0,0,0,1,0,0,0,0,0,0,0,0,0,0,0,0,0,0,1,0,4.0,1,1,1,1,1
386,1,0,0,0.0,3.0,500,0,0,0,0,0,0,0,0,0,0,0,0,0,0,0,1,0,0,0,0,2.0,0,1,1,0,0
387,0,0,0,1.0,1.0,500,0,0,0,0,1,0,0,0,0,0,0,0,0,0,0,0,0,0,1,0,4.0,0,1,1,1,0
388,0,0,0,1.0,3.0,500,0,1,0,0,1,0,0,0,0,0,0,0,1,0,0,0,0,0,0,1,4.0,1,1,1,1,1
389,0,0,0,1.5,3.0,450,0,1,0,0,0,0,0,0,0,0,0,0,1,0,0,0,0,0,0,0,2.0,0,1,0,0,0
390,0,0,0,1.5,3.0,1000,0,0,0,0,0,0,0,0,0,0,0,0,1,0,0,0,0,0,0,0,3.0,1,1,1,1,0
391,1,0,0,0.7,1.0,550,0,1,1,0,0,0,0,0,0,0,0,0,0,0,0,1,0,0,0,1,4.0,1,1,1,0,0
392,0,0,0,0.0,1.0,500,1,1,0,2,0,0,0,0,0,0,0,0,0,0,0,1,0,0,0,0,4.0,0,1,1,1,0
393,0,4,0,2.0,3.0,550,0,0,0,0,0,0,0,0,0,0,0,0,0,0,1,0,0,0,0,0,2.0,1,1,1,1,0
394,0,0,0,5.0,3.0,500,0,0,0,1,0,0,0,0,0,0,0,0,0,0,0,1,0,0,0,1,2.0,1,1,0,0,1
395,1,4,0,3.0,5.0,400,0,1,0,1,0,0,0,0,0,0,0,0,0,0,0,1,0,0,0,0,2.0,1,1,1,0,1
396,0,0,0,3.8,1.0,550,0,0,0,0,0,0,0,0,0,0,0,0,0,0,0,0,0,0,1,0,2.0,1,1,1,1,0
397,0,64,0,1.7,10.0,550,0,1,1,0,0,0,0,0,0,0,0,0,0,0,0,1,0,0,0,0,3.0,1,1,0,0,0
398,0,0,0,2.0,3.0,1000,0,0,0,0,1,0,0,0,0,0,0,0,1,0,0,0,0,0,0,0,1.0,1,1,0,0,0
399,0,0,0,1.5,3.0,450,0,0,0,0,0,0,0,0,0,0,0,0,0,0,0,0,0,0,1,1,2.0,0,1,0,0,0
400,0,1,0,6.0,10.0,500,0,0,0,1,1,0,0,1,0,0,0,0,0,0,0,0,0,0,0,1,2.0,1,1,1,0,0
401,1,23,0,1.7,3.0,700,0,0,0,0,0,0,0,0,0,0,0,0,0,1,0,0,0,0,0,0,2.0,0,1,1,1,0
402,0,0,0,2.0,3.0,500,0,0,0,0,0,0,0,0,0,0,0,0,1,0,0,0,0,0,0,0,2.0,1,1,0,0,1
403,0,65,0,1.0,1.0,550,0,0,0,0,0,0,1,0,0,0,0,0,0,0,0,0,0,0,0,0,4.0,0,1,1,0,0
404,0,66,0,2.0,3.0,700,0,1,2,0,1,0,0,1,0,0,0,0,0,0,0,0,0,0,0,0,2.0,1,1,1,1,1
405,0,67,0,1.0,3.0,500,0,0,0,1,0,0,1,0,0,0,0,0,0,0,0,0,0,0,0,0,4.0,0,0,0,1,0
406,0,1,0,0.0,1.0,700,2,0,0,0,1,0,0,0,0,0,0,0,1,0,0,0,0,0,0,0,3.0,1,1,1,1,1
407,1,1,0,0.6,5.0,500,0,1,1,0,0,0,0,0,0,0,0,0,0,0,0,0,0,0,1,0,2.0,1,1,0,0,1
408,0,4,0,2.0,3.0,550,0,0,0,0,0,0,0,1,0,0,0,0,0,0,0,0,0,0,0,0,2.0,1,1,1,1,1
409,0,0,0,0.0,3.0,550,0,0,1,0,0,0,0,0,0,0,0,0,0,1,0,0,0,0,0,0,4.0,0,1,1,0,0
410,0,17,0,0.0,1.0,450,0,0,0,0,1,0,0,1,0,0,0,0,0,0,0,0,0,0,0,0,3.0,1,1,0,0,0
411,1,0,0,0.0,1.0,700,0,0,2,0,0,0,0,1,0,0,0,0,0,0,0,0,0,0,0,0,3.0,0,1,1,0,0
412,0,4,0,0.0,5.0,700,0,1,0,0,1,0,0,1,0,0,0,0,0,0,0,0,0,0,0,0,3.0,0,1,0,0,0
413,0,68,0,2.0,3.0,450,0,1,0,0,0,0,0,1,0,0,0,0,0,0,0,0,0,0,0,0,3.0,1,1,0,0,1
414,0,16,0,1.5,5.0,450,0,0,0,0,0,0,0,1,0,0,0,0,0,0,0,0,0,0,0,0,2.0,0,1,0,0,0
415,0,55,0,0.0,5.0,550,0,0,0,1,1,0,0,0,0,0,0,1,0,0,0,0,0,0,0,0,2.0,1,1,1,1,1
416,0,16,0,1.0,5.0,450,0,1,0,0,0,0,0,0,0,0,0,0,1,0,0,0,0,0,0,1,2.0,0,0,1,1,0
417,1,9,0,2.0,3.0,550,0,0,0,1,0,0,0,0,0,0,0,0,0,0,0,0,0,1,0,0,3.0,1,1,0,0,0
418,0,0,0,1.8,5.0,550,0,0,1,1,0,0,0,0,0,0,0,0,0,0,0,0,0,0,1,0,4.0,1,1,1,0,0
419,0,0,0,0.0,3.0,550,2,0,2,0,0,0,0,0,0,0,0,0,0,0,0,0,0,0,1,0,2.0,0,1,0,0,0
420,0,0,0,1.3600526315789474,4.046783625730995,500,0,0,0,0,0,0,0,0,0,0,0,0,0,0,0,0,0,0,0,0,2.797270955165692,1,1,1,1,1
421,1,69,1,0.0,5.0,500,0,0,0,0,0,0,0,1,0,0,0,0,0,0,0,0,0,0,0,0,3.0,1,1,0,0,1
422,0,0,0,0.0,5.0,550,0,0,0,0,0,0,0,0,0,0,0,0,0,1,0,0,0,0,0,0,4.0,1,1,1,1,1
423,1,70,0,0.8,3.0,450,1,1,1,0,1,0,0,1,0,0,0,0,0,0,0,0,0,0,0,0,3.0,1,1,0,0,0
424,0,0,0,1.0,3.0,450,0,0,0,0,0,0,0,1,0,0,0,0,0,0,0,0,0,0,0,0,2.0,1,0,0,0,0
425,0,0,0,0.8,3.0,550,0,0,0,0,1,0,0,0,0,0,0,0,0,1,0,0,0,0,0,1,4.0,1,1,1,1,1
426,0,4,0,0.0,3.0,550,0,0,0,0,0,0,0,0,0,0,0,0,0,0,1,0,0,0,0,0,2.0,1,1,1,1,1
427,0,0,0,0.0,3.0,450,0,1,0,0,0,0,0,0,0,0,0,0,0,1,0,0,0,0,0,0,3.0,0,1,0,0,0
428,1,0,0,0.0,1.0,550,0,0,0,0,0,0,0,0,0,0,0,0,0,0,0,1,0,0,0,0,4.0,1,1,1,0,0
429,1,0,0,0.0,1.0,450,1,1,1,0,0,0,0,1,0,0,0,0,0,0,0,0,0,0,0,1,3.0,1,1,1,1,0
430,0,0,0,0.0,1.0,500,0,0,0,0,0,0,0,0,0,0,0,0,0,0,0,1,0,0,0,1,4.0,1,1,1,1,1
431,0,6,0,1.3600526315789474,4.046783625730995,500,0,0,0,0,0,0,0,0,0,0,0,0,0,0,0,0,0,0,0,0,2.797270955165692,1,1,1,1,1
432,0,32,0,2.0,3.0,400,0,0,1,0,0,0,0,0,0,0,0,0,1,0,0,0,0,0,0,0,4.0,1,1,0,0,1
433,0,0,0,3.5,1.0,550,1,1,0,0,1,0,0,0,0,0,0,0,1,0,0,0,0,0,0,0,2.0,1,1,1,0,1
434,1,71,0,0.0,1.0,400,0,1,0,1,0,0,0,0,0,0,0,0,0,0,0,0,0,0,1,0,4.0,0,1,0,0,0
435,0,69,1,0.0,5.0,400,1,1,0,0,0,0,0,1,0,0,0,0,0,0,0,0,0,0,0,0,4.0,1,0,0,0,0
436,0,0,0,0.0,3.0,550,0,0,0,1,0,0,0,0,0,0,0,0,0,0,0,0,0,0,1,0,3.0,1,1,1,1,0
437,0,4,0,6.0,1.0,700,0,1,2,0,0,0,0,1,0,0,0,0,0,0,0,0,0,0,0,1,4.0,1,1,1,0,1
438,0,5,0,0.0,5.0,500,0,0,0,0,0,0,1,0,0,0,0,0,0,0,0,0,0,0,0,0,3.0,1,1,1,1,1
439,0,72,0,2.5,3.0,500,1,1,1,0,0,0,0,1,0,0,0,0,0,0,0,0,0,0,0,0,2.0,1,1,0,0,1
440,0,51,0,2.0,1.0,550,0,1,1,0,0,0,0,0,0,0,0,0,0,1,0,0,0,0,0,0,2.0,1,1,0,0,0
441,0,0,0,1.5,3.0,550,0,0,0,0,1,0,0,0,0,0,0,0,0,0,0,1,0,0,0,0,4.0,1,1,1,1,0
442,0,3,0,0.0,3.0,450,0,1,1,0,0,0,0,0,0,0,0,0,0,0,0,1,0,0,0,0,4.0,0,1,0,0,0
443,0,32,0,0.0,5.0,1000,0,0,0,2,0,0,0,0,0,0,0,0,1,0,0,0,0,0,0,0,2.0,0,1,0,0,0
444,0,73,0,1.0,5.0,500,0,0,0,0,0,0,0,0,0,0,0,0,0,0,0,0,0,0,1,0,2.0,0,1,1,0,0
445,1,58,0,2.0,5.0,450,2,0,0,0,0,0,0,0,0,0,0,0,0,0,0,0,0,1,0,0,2.0,1,1,1,1,0
446,0,71,0,1.0,1.0,550,0,1,0,1,0,0,1,0,0,0,0,0,0,0,0,0,0,0,0,0,2.0,1,1,1,1,1
447,1,74,0,2.0,3.0,550,1,1,0,1,1,0,0,1,0,0,0,0,0,0,0,0,0,0,0,0,1.0,1,0,0,0,0
448,0,75,0,0.5,1.0,450,0,1,0,1,0,0,1,0,0,0,0,0,0,0,0,0,0,0,0,0,2.0,1,1,0,0,0
449,0,76,0,2.0,10.0,500,0,0,0,0,0,0,0,0,0,0,0,0,0,0,0,1,0,0,0,0,3.0,0,1,1,0,0
450,0,3,0,2.0,3.0,500,0,1,0,0,1,0,0,0,0,0,0,0,0,0,0,0,0,0,1,0,3.0,0,1,1,0,0
451,1,1,0,2.0,1.0,450,0,1,0,0,0,0,0,0,0,0,0,0,1,0,0,0,0,0,0,0,2.0,0,1,1,0,0
452,0,1,0,2.8,3.0,400,0,1,0,0,0,0,0,0,0,0,0,0,0,0,0,0,0,0,1,0,4.0,1,1,0,0,0
453,1,4,0,0.0,3.0,550,1,1,2,0,0,0,0,0,0,0,0,0,0,1,0,0,0,0,0,0,3.0,1,1,0,0,1
454,1,3,0,0.0,3.0,550,0,1,0,1,0,0,0,0,0,0,0,0,0,0,1,0,0,0,0,0,1.0,0,1,0,0,1
455,0,0,0,0.0,3.0,550,0,0,0,0,0,0,0,0,0,0,0,0,0,1,0,0,0,0,0,0,3.0,1,1,1,0,1
456,0,4,0,3.75,5.0,500,0,0,0,0,0,0,0,0,0,0,0,0,0,0,0,1,0,0,0,0,2.0,1,1,1,0,1
457,1,43,1,0.0,3.0,500,1,1,0,1,1,0,0,1,0,0,0,0,0,0,0,0,0,0,0,0,2.0,1,1,1,1,0
458,1,57,0,1.0,5.0,500,1,1,0,0,0,0,0,0,0,0,0,0,1,0,0,0,0,0,0,0,3.0,1,1,0,0,0
459,0,1,0,2.0,5.0,550,0,0,0,0,0,0,0,0,0,0,0,0,1,0,0,0,0,0,0,0,4.0,1,1,1,0,1
460,1,4,0,2.0,3.0,700,0,1,2,0,1,0,0,0,0,0,0,0,0,1,0,0,0,0,0,0,2.0,1,1,0,0,1
461,1,55,0,1.3600526315789474,4.046783625730995,500,0,0,0,0,0,0,0,0,0,0,0,0,0,0,0,0,0,0,0,0,2.797270955165692,1,1,1,1,1
462,0,77,0,0.0,10.0,1000,0,1,0,0,1,0,0,0,0,0,0,0,1,0,0,0,0,0,0,0,4.0,0,1,1,1,0
463,0,1,0,0.0,3.0,400,0,0,0,0,0,0,0,0,0,1,0,0,0,0,0,0,0,0,0,0,4.0,0,1,1,1,0
464,0,0,0,0.5,5.0,450,0,1,0,0,1,0,0,0,0,1,0,0,0,0,0,0,0,0,0,0,1.0,1,1,1,1,1
465,0,51,0,0.5,3.0,500,0,0,0,0,1,0,0,0,0,0,0,0,0,0,0,0,0,0,1,0,4.0,1,1,1,1,1
466,0,0,0,2.2,3.0,550,0,0,0,0,0,0,0,0,0,0,0,0,0,0,0,1,0,0,0,0,2.0,1,1,1,1,1
467,0,0,0,2.0,3.0,700,0,0,0,0,0,0,0,0,0,0,0,0,0,0,1,0,0,0,0,0,3.0,1,1,1,0,1
468,0,4,0,0.0,10.0,450,0,1,0,0,1,0,0,0,0,0,0,0,0,0,0,1,0,0,0,1,4.0,1,1,0,0,1
469,1,1,0,1.6,5.0,550,2,0,2,2,1,0,0,0,0,0,0,0,1,0,0,0,0,0,0,0,2.0,1,1,1,1,1
470,0,2,0,5.0,5.0,450,0,0,0,0,0,0,0,0,0,0,0,0,1,0,0,0,0,0,0,1,4.0,1,1,1,1,0
471,1,4,0,1.0,10.0,500,0,0,0,0,0,0,0,0,0,0,0,0,0,0,0,0,0,0,1,0,4.0,1,1,0,0,0
472,1,5,0,0.0,3.0,500,0,1,2,0,0,0,0,0,0,0,0,0,0,0,1,0,0,0,0,0,2.0,0,1,0,0,0
473,0,0,1,1.0,5.0,550,1,1,1,0,0,0,0,0,0,0,0,0,0,0,0,1,0,0,0,0,3.0,1,1,1,0,0
474,0,1,0,0.0,3.0,500,0,0,0,0,0,0,0,0,0,0,0,0,0,0,0,0,0,0,1,0,4.0,0,1,1,1,0
475,1,0,0,3.0,1.0,500,0,1,1,0,0,0,0,0,0,0,0,0,0,0,0,1,0,0,0,0,3.0,1,1,1,0,1
476,0,78,0,0.0,10.0,400,0,0,0,0,0,0,0,0,0,0,0,1,0,0,0,0,0,0,0,1,4.0,1,1,1,1,1
477,1,1,1,2.0,3.0,550,1,1,1,0,0,0,0,1,0,0,0,0,0,0,0,0,0,0,0,0,3.0,1,1,0,0,1
478,0,3,0,0.0,3.0,700,2,0,2,2,0,0,0,0,0,0,0,0,0,0,0,1,0,0,0,0,2.0,1,1,1,1,0
479,0,0,0,1.8,3.0,500,0,0,0,0,0,0,0,0,0,0,0,0,0,0,0,1,0,0,0,0,1.0,0,0,1,0,1
480,0,3,0,0.0,3.0,450,0,1,0,0,0,0,0,0,0,0,0,0,0,0,0,0,0,0,1,0,1.0,0,0,1,1,0
481,0,1,0,3.0,1.0,500,0,0,0,0,1,0,0,0,0,0,0,0,0,1,0,0,0,0,0,0,2.0,1,1,1,0,0
482,1,13,0,0.0,3.0,400,0,1,0,1,1,0,0,0,0,0,0,0,0,0,0,0,0,0,1,0,3.0,0,1,0,0,0
483,0,3,0,0.0,3.0,700,0,0,0,0,0,0,0,0,0,0,0,0,1,0,0,0,0,0,0,0,2.0,0,1,0,0,0
484,0,1,0,2.5,3.0,550,0,0,0,0,0,0,0,0,0,0,0,0,0,0,0,1,0,0,0,1,4.0,1,1,1,1,1
485,0,3,0,1.3600526315789474,4.046783625730995,500,0,0,0,0,0,0,0,0,0,0,0,0,0,0,0,0,0,0,0,0,2.797270955165692,1,1,1,1,1
486,0,1,0,2.0,5.0,700,0,0,0,0,0,0,0,0,0,0,0,0,1,0,0,0,0,0,0,1,4.0,1,1,0,0,0
487,0,3,0,1.3600526315789474,4.046783625730995,500,0,0,0,0,0,0,0,0,0,0,0,0,0,0,0,0,0,0,0,0,2.797270955165692,1,1,1,1,1
488,0,50,0,0.0,3.0,400,0,0,0,2,0,0,0,0,0,0,0,0,0,1,0,0,0,0,0,0,4.0,1,1,0,0,0
489,0,0,0,0.0,3.0,550,0,0,0,0,0,0,0,0,0,0,0,0,1,0,0,0,0,0,0,0,4.0,1,1,1,1,1
490,1,79,1,1.0,3.0,450,1,1,0,0,0,0,0,0,0,0,0,0,1,0,0,0,0,0,0,0,1.0,1,1,0,0,1
491,0,80,0,9.0,3.0,400,2,2,2,0,0,0,0,0,0,0,0,0,0,0,0,0,0,1,0,0,1.0,0,0,0,0,1
492,0,4,0,4.0,5.0,550,0,1,0,0,1,0,0,0,0,0,0,0,0,0,1,0,0,0,0,0,4.0,1,1,0,0,0
493,0,6,0,1.0,3.0,500,0,0,0,0,0,0,0,0,0,0,0,0,1,0,0,0,0,0,0,0,2.0,0,1,0,0,0
494,1,9,0,0.0,3.0,700,1,1,0,1,1,0,0,1,0,0,0,0,0,0,0,0,0,0,0,0,3.0,1,1,1,0,0
495,0,0,0,0.0,3.0,550,0,1,1,0,0,0,0,0,0,0,0,0,0,0,0,1,0,0,0,0,1.0,0,1,1,1,0
496,0,0,0,0.4,1.0,1000,0,0,0,1,0,0,0,0,0,0,0,0,0,1,0,0,0,0,0,0,1.0,0,1,1,1,0
497,0,0,0,1.0,5.0,500,0,1,0,0,0,0,0,0,0,0,0,0,1,0,0,0,0,0,0,0,4.0,1,1,0,0,0
498,0,1,0,1.08,1.0,500,1,1,1,0,0,0,0,0,1,0,0,0,0,0,0,0,0,0,0,0,2.0,1,1,0,0,1
499,0,17,0,1.0,1.0,500,0,0,0,0,1,0,0,1,0,0,0,0,0,0,0,0,0,0,0,0,1.0,1,0,0,0,0
500,0,51,0,0.0,3.0,550,1,1,0,0,0,0,0,1,0,0,0,0,0,0,0,0,0,0,0,0,2.0,1,1,0,0,0
501,0,9,0,6.0,1.0,500,1,1,1,0,0,0,0,0,0,0,0,0,0,0,0,1,0,0,0,0,4.0,0,1,0,0,0
502,0,5,0,0.3,10.0,500,0,0,0,0,0,0,0,0,0,0,0,0,0,1,0,0,0,0,0,0,2.0,0,1,1,0,0
503,0,16,0,1.0,3.0,550,0,0,0,0,0,0,0,1,0,0,0,0,0,0,0,0,0,0,0,0,2.0,0,1,1,0,0
504,0,18,0,0.0,5.0,550,0,0,0,0,0,0,0,0,0,0,0,0,0,0,0,0,1,0,0,1,4.0,0,1,0,0,0
505,1,81,0,0.0,3.0,400,0,1,0,0,0,0,0,0,0,0,0,0,0,0,0,0,0,0,1,0,3.0,0,1,1,0,1
506,0,18,0,0.0,3.0,550,0,0,0,0,0,0,0,0,0,0,0,1,0,0,0,0,0,0,0,0,2.0,1,1,0,0,0
507,0,0,0,0.0,3.0,550,0,0,1,0,0,0,0,0,0,0,0,0,0,0,0,1,0,0,0,1,2.0,0,1,0,0,0
508,1,0,0,3.0,3.0,500,0,0,0,0,0,0,0,0,0,0,0,0,0,0,0,1,0,0,0,0,4.0,1,1,0,0,0
509,0,23,0,3.0,1.0,550,0,0,0,0,0,0,0,0,0,0,0,0,0,0,0,1,0,0,0,1,2.0,0,1,0,0,0
510,0,82,0,4.0,3.0,500,0,0,0,0,1,0,0,0,0,0,0,0,1,0,0,0,0,0,0,0,2.0,1,1,1,1,1
511,0,83,0,2.0,3.0,500,0,0,0,1,0,0,0,1,0,0,0,0,0,0,0,0,0,0,0,1,2.0,1,1,1,1,1
512,0,5,0,0.0,10.0,450,1,1,0,0,0,0,0,0,1,0,0,0,0,0,0,0,0,0,0,0,2.0,1,1,0,0,1
513,0,3,1,5.0,3.0,500,0,0,0,0,0,0,0,1,0,0,0,0,0,0,0,0,0,0,0,1,2.0,1,1,1,1,1
514,0,51,0,0.0,3.0,550,1,1,1,0,0,0,0,1,0,0,0,0,0,0,0,0,0,0,0,0,2.0,1,1,0,0,0
515,0,84,0,1.0,3.0,500,1,1,1,0,0,0,0,0,1,0,0,0,0,0,0,0,0,0,0,0,2.0,1,1,0,0,0
516,0,34,0,0.0,5.0,700,0,1,0,2,0,0,0,0,0,0,0,1,0,0,0,0,0,0,0,0,4.0,1,1,1,0,0
517,0,0,0,3.0,10.0,550,0,0,0,1,0,0,0,1,0,0,0,0,0,0,0,0,0,0,0,1,4.0,1,1,1,1,1
518,0,27,1,3.0,3.0,500,0,1,0,0,0,0,0,1,0,0,0,0,0,0,0,0,0,0,0,0,2.0,1,1,1,1,1
519,0,23,0,4.0,10.0,500,2,1,2,0,0,0,0,0,0,0,0,0,0,0,0,1,0,0,0,0,2.0,0,1,1,0,0
520,0,11,0,2.0,5.0,500,1,1,1,0,0,0,0,0,0,0,0,0,0,0,0,1,0,0,0,0,3.0,1,1,0,0,0
521,1,51,0,0.0,3.0,550,0,0,0,0,0,0,0,0,0,0,0,0,1,0,0,0,0,0,0,0,1.0,1,1,0,0,1
